,date,gu,rain_count,total_rain
0,2019.1.1,관악구,0,0
1,2019.1.1,노원구,0,0
2,2019.1.1,영등포구,0,0
3,2019.1.1,은평구,0,0
4,2019.2.1,강남구,9,89
5,2019.2.1,강북구,3,27.5
6,2019.2.1,관악구,6,58
7,2019.2.1,광진구,2,6
8,2019.2.1,구로구,3,23.5
9,2019.2.1,금천구,6,50.5
10,2019.2.1,노원구,6,58
11,2019.2.1,도봉구,3,32.5
12,2019.2.1,동대문구,8,53.5
13,2019.2.1,동작구,9,56
14,2019.2.1,마포구,10,51
15,2019.2.1,서대문구,4,23
16,2019.2.1,서초구,9,61
17,2019.2.1,성동구,8,51.5
18,2019.2.1,성북구,8,55
19,2019.2.1,송파구,7,57
20,2019.2.1,양천구,7,49.5
21,2019.2.1,영등포구,6,46.5
22,2019.2.1,용산구,9,50.5
23,2019.2.1,은평구,7,45
24,2019.2.1,종로구,4,28.5
25,2019.2.1,중구,4,26.5
26,2019.2.1,중랑구,7,52
27,2019.3.1,강남구,15,100.5
28,2019.3.1,강동구,6,41.5
29,2019.3.1,강북구,5,31
30,2019.3.1,관악구,11,68.5
31,2019.3.1,광진구,6,34
32,2019.3.1,구로구,5,27.5
33,2019.3.1,금천구,10,59.5
34,2019.3.1,노원구,12,57
35,2019.3.1,도봉구,7,32
36,2019.3.1,동대문구,10,60.5
37,2019.3.1,동작구,8,65
38,2019.3.1,마포구,10,55.5
39,2019.3.1,서대문구,5,27
40,2019.3.1,서초구,10,76
41,2019.3.1,성동구,11,59.5
42,2019.3.1,성북구,12,60
43,2019.3.1,송파구,11,65
44,2019.3.1,양천구,10,53
45,2019.3.1,영등포구,10,52
46,2019.3.1,용산구,10,61.5
47,2019.3.1,은평구,4,22
48,2019.3.1,종로구,5,31.5
49,2019.3.1,중구,6,31
50,2019.3.1,중랑구,12,57
51,2019.4.1,강남구,10,67
52,2019.4.1,강동구,7,45
53,2019.4.1,강북구,7,53.5
54,2019.4.1,강서구,8,28
55,2019.4.1,관악구,15,81.5
56,2019.4.1,광진구,8,50.5
57,2019.4.1,구로구,7,33.5
58,2019.4.1,금천구,14,67
59,2019.4.1,노원구,5,45
60,2019.4.1,도봉구,4,21.5
61,2019.4.1,동대문구,14,91
62,2019.4.1,동작구,15,80
63,2019.4.1,마포구,17,73.5
64,2019.4.1,서대문구,8,40
65,2019.4.1,서초구,14,84
66,2019.4.1,성동구,15,75.5
67,2019.4.1,성북구,14,74.5
68,2019.4.1,송파구,13,78.5
69,2019.4.1,양천구,15,63
70,2019.4.1,영등포구,15,64.5
71,2019.4.1,용산구,16,72.5
72,2019.4.1,은평구,26,128.5
73,2019.4.1,종로구,9,46
74,2019.4.1,중구,0,0
75,2019.4.1,중랑구,14,93.5
76,2019.5.1,강남구,11,130.5
77,2019.5.1,강동구,4,39.5
78,2019.5.1,강북구,3,40
79,2019.5.1,강서구,6,55.5
80,2019.5.1,관악구,6,50.5
81,2019.5.1,광진구,3,24.5
82,2019.5.1,구로구,3,24
83,2019.5.1,금천구,6,39.5
84,2019.5.1,노원구,3,42.5
85,2019.5.1,도봉구,3,51
86,2019.5.1,동대문구,6,63.5
87,2019.5.1,동작구,6,57.5
88,2019.5.1,마포구,6,56.5
89,2019.5.1,서대문구,3,30
90,2019.5.1,서초구,5,46.5
91,2019.5.1,성동구,6,58.5
92,2019.5.1,성북구,3,35
93,2019.5.1,송파구,6,38
94,2019.5.1,양천구,7,85
95,2019.5.1,영등포구,6,35.5
96,2019.5.1,용산구,6,54.5
97,2019.5.1,은평구,12,104
98,2019.5.1,종로구,3,37.5
99,2019.5.1,중구,3,29.5
100,2019.5.1,중랑구,6,50.5
101,2019.6.1,강남구,22,209
102,2019.6.1,강동구,16,127
103,2019.6.1,강북구,10,64
104,2019.6.1,강서구,14,175.5
105,2019.6.1,관악구,15,168
106,2019.6.1,광진구,8,71.5
107,2019.6.1,구로구,9,100.5
108,2019.6.1,금천구,14,144.5
109,2019.6.1,노원구,8,66.5
110,2019.6.1,도봉구,8,65
111,2019.6.1,동대문구,15,130.5
112,2019.6.1,동작구,16,194
113,2019.6.1,마포구,18,148
114,2019.6.1,서대문구,8,79.5
115,2019.6.1,서초구,14,159.5
116,2019.6.1,성동구,14,129.5
117,2019.6.1,성북구,13,88.5
118,2019.6.1,송파구,12,118
119,2019.6.1,양천구,15,151.5
120,2019.6.1,영등포구,15,142
121,2019.6.1,용산구,16,150
122,2019.6.1,은평구,24,224.5
123,2019.6.1,종로구,9,69.5
124,2019.6.1,중구,9,71
125,2019.6.1,중랑구,14,140.5
126,2019.7.1,강남구,29,791.5
127,2019.7.1,강동구,24,586
128,2019.7.1,강북구,15,231
129,2019.7.1,강서구,25,365.5
130,2019.7.1,관악구,27,398
131,2019.7.1,광진구,12,280.5
132,2019.7.1,구로구,13,218
133,2019.7.1,금천구,25,407.5
134,2019.7.1,노원구,12,253.5
135,2019.7.1,도봉구,12,279.5
136,2019.7.1,동대문구,28,538
137,2019.7.1,동작구,23,402.5
138,2019.7.1,마포구,19,255
139,2019.7.1,서대문구,14,190.5
140,2019.7.1,서초구,27,473
141,2019.7.1,성동구,26,490
142,2019.7.1,성북구,28,447.5
143,2019.7.1,송파구,22,512
144,2019.7.1,양천구,25,382
145,2019.7.1,영등포구,25,396.5
146,2019.7.1,용산구,25,393.5
147,2019.7.1,은평구,38,665.5
148,2019.7.1,종로구,13,200
149,2019.7.1,중구,13,189.5
150,2019.7.1,중랑구,31,622
151,2019.8.1,강남구,29,569
152,2019.8.1,강동구,24,394.5
153,2019.8.1,강북구,12,182.5
154,2019.8.1,강서구,21,295
155,2019.8.1,관악구,21,462.5
156,2019.8.1,광진구,9,214
157,2019.8.1,구로구,11,190
158,2019.8.1,금천구,19,360
159,2019.8.1,노원구,11,163
160,2019.8.1,도봉구,12,146.5
161,2019.8.1,동대문구,23,389
162,2019.8.1,동작구,23,482.5
163,2019.8.1,마포구,17,253.5
164,2019.8.1,서대문구,13,196
165,2019.8.1,서초구,22,428
166,2019.8.1,성동구,19,399
167,2019.8.1,성북구,23,354.5
168,2019.8.1,송파구,22,376.5
169,2019.8.1,양천구,22,370
170,2019.8.1,영등포구,24,384
171,2019.8.1,용산구,24,392
172,2019.8.1,은평구,36,481
173,2019.8.1,종로구,9,145
174,2019.8.1,중구,11,196.5
175,2019.8.1,중랑구,25,412
176,2019.9.1,강남구,30,426
177,2019.9.1,강동구,21,289
178,2019.9.1,강북구,9,133
179,2019.9.1,강서구,14,343.5
180,2019.9.1,관악구,20,340
181,2019.9.1,광진구,9,127.5
182,2019.9.1,구로구,8,159.5
183,2019.9.1,금천구,19,321
184,2019.9.1,노원구,9,107.5
185,2019.9.1,도봉구,10,145.5
186,2019.9.1,동대문구,18,228
187,2019.9.1,동작구,21,318.5
188,2019.9.1,마포구,15,367
189,2019.9.1,서대문구,7,160.5
190,2019.9.1,서초구,20,273.5
191,2019.9.1,성동구,18,225.5
192,2019.9.1,성북구,17,232
193,2019.9.1,송파구,20,286.5
194,2019.9.1,양천구,16,320
195,2019.9.1,영등포구,17,338.5
196,2019.9.1,용산구,21,233
197,2019.9.1,은평구,23,542
198,2019.9.1,종로구,7,127
199,2019.9.1,중구,9,117.5
200,2019.9.1,중랑구,20,235
201,2019.10.1,강남구,16,192.5
202,2019.10.1,강동구,9,126.5
203,2019.10.1,강북구,4,43.5
204,2019.10.1,강서구,9,64
205,2019.10.1,관악구,9,99
206,2019.10.1,광진구,5,64
207,2019.10.1,구로구,5,48
208,2019.10.1,금천구,10,97
209,2019.10.1,노원구,5,42
210,2019.10.1,도봉구,5,53
211,2019.10.1,동대문구,10,90.5
212,2019.10.1,동작구,11,102.5
213,2019.10.1,마포구,11,97.5
214,2019.10.1,서대문구,4,44.5
215,2019.10.1,서초구,9,117.5
216,2019.10.1,성동구,10,95
217,2019.10.1,성북구,9,89
218,2019.10.1,송파구,11,116
219,2019.10.1,양천구,9,78.5
220,2019.10.1,영등포구,8,81.5
221,2019.10.1,용산구,9,101
222,2019.10.1,은평구,12,92.5
223,2019.10.1,종로구,7,47.5
224,2019.10.1,중구,5,41
225,2019.10.1,중랑구,12,101.5
226,2019.11.1,강남구,9,44.5
227,2019.11.1,강동구,14,170
228,2019.11.1,강북구,7,81.5
229,2019.11.1,강서구,6,42
230,2019.11.1,관악구,13,96
231,2019.11.1,광진구,7,94.5
232,2019.11.1,구로구,4,52.5
233,2019.11.1,금천구,14,193.5
234,2019.11.1,노원구,6,83.5
235,2019.11.1,도봉구,7,86.5
236,2019.11.1,동대문구,15,162.5
237,2019.11.1,동작구,14,199.5
238,2019.11.1,마포구,14,145
239,2019.11.1,서대문구,7,71
240,2019.11.1,서초구,10,102.5
241,2019.11.1,성동구,14,160
242,2019.11.1,성북구,8,153.5
243,2019.11.1,송파구,12,164.5
244,2019.11.1,양천구,15,160.5
245,2019.11.1,영등포구,15,164
246,2019.11.1,용산구,14,175
247,2019.11.1,은평구,24,205
248,2019.11.1,종로구,11,78.5
249,2019.11.1,중구,9,83.5
250,2019.11.1,중랑구,11,71.5
251,2019.12.1,강남구,28,63.5
252,2019.12.1,강동구,12,19
253,2019.12.1,강북구,9,18.5
254,2019.12.1,구로구,9,17
255,2019.12.1,금천구,21,46
256,2019.12.1,노원구,9,20
257,2019.12.1,도봉구,9,23
258,2019.12.1,동대문구,15,43
259,2019.12.1,동작구,23,41.5
260,2019.12.1,마포구,3,6
261,2019.12.1,서대문구,8,18.5
262,2019.12.1,서초구,18,41
263,2019.12.1,성동구,17,42.5
264,2019.12.1,성북구,3,6
265,2019.12.1,송파구,19,39
266,2019.12.1,양천구,22,38
267,2019.12.1,영등포구,19,29.5
268,2019.12.1,용산구,15,42
269,2019.12.1,은평구,24,50
270,2019.12.1,종로구,11,21
271,2019.12.1,중구,10,20.5
272,2019.12.1,중랑구,17,40.5
273,2020.1.1,강남구,13,182
274,2020.1.1,강동구,7,110
275,2020.1.1,강북구,4,66
276,2020.1.1,강서구,4,72
277,2020.1.1,관악구,2,1
278,2020.1.1,광진구,1,0.5
279,2020.1.1,구로구,4,49.5
280,2020.1.1,금천구,9,98
281,2020.1.1,노원구,2,60
282,2020.1.1,도봉구,3,68
283,2020.1.1,동대문구,3,55.5
284,2020.1.1,동작구,10,115
285,2020.1.1,마포구,4,71.5
286,2020.1.1,서대문구,3,53
287,2020.1.1,서초구,9,123.5
288,2020.1.1,성동구,6,102
289,2020.1.1,성북구,0,0
290,2020.1.1,송파구,9,106
291,2020.1.1,양천구,5,104.5
292,2020.1.1,영등포구,4,88.5
293,2020.1.1,용산구,7,104.5
294,2020.1.1,은평구,8,159
295,2020.1.1,종로구,4,57.5
296,2020.1.1,중구,4,60.5
297,2020.1.1,중랑구,7,109
298,2020.2.1,강남구,6,19.5
299,2020.2.1,강동구,11,54
300,2020.2.1,강북구,8,44.5
301,2020.2.1,강서구,8,32.5
302,2020.2.1,관악구,20,86.5
303,2020.2.1,광진구,0,0
304,2020.2.1,구로구,8,31
305,2020.2.1,금천구,22,103
306,2020.2.1,노원구,18,79.5
307,2020.2.1,도봉구,7,44.5
308,2020.2.1,동대문구,20,96
309,2020.2.1,동작구,20,106.5
310,2020.2.1,마포구,6,26.5
311,2020.2.1,서대문구,9,47
312,2020.2.1,서초구,20,98.5
313,2020.2.1,성동구,9,40
314,2020.2.1,성북구,16,90.5
315,2020.2.1,송파구,21,91
316,2020.2.1,양천구,4,13
317,2020.2.1,영등포구,13,75
318,2020.2.1,용산구,17,96.5
319,2020.2.1,은평구,27,134
320,2020.2.1,종로구,12,48
321,2020.2.1,중구,10,52
322,2020.3.1,강남구,6,22
323,2020.3.1,강동구,5,31.5
324,2020.3.1,강북구,4,12.5
325,2020.3.1,관악구,4,24
326,2020.3.1,광진구,2,6
327,2020.3.1,구로구,3,11.5
328,2020.3.1,금천구,6,28.5
329,2020.3.1,노원구,7,25
330,2020.3.1,도봉구,5,14.5
331,2020.3.1,동대문구,6,28
332,2020.3.1,동작구,6,30.5
333,2020.3.1,마포구,1,0.5
334,2020.3.1,서대문구,3,13.5
335,2020.3.1,서초구,6,33
336,2020.3.1,성북구,7,26.5
337,2020.3.1,송파구,6,32
338,2020.3.1,양천구,6,22.5
339,2020.3.1,영등포구,0,0
340,2020.3.1,용산구,6,33
341,2020.3.1,은평구,12,37
342,2020.3.1,종로구,3,15
343,2020.3.1,중구,3,15.5
344,2020.4.1,강남구,6,41.5
345,2020.4.1,강동구,6,30.5
346,2020.4.1,강북구,3,13.5
347,2020.4.1,강서구,4,27
348,2020.4.1,관악구,3,21.5
349,2020.4.1,광진구,2,15
350,2020.4.1,구로구,2,14.5
351,2020.4.1,금천구,6,37
352,2020.4.1,노원구,5,46
353,2020.4.1,도봉구,2,16.5
354,2020.4.1,동대문구,6,29.5
355,2020.4.1,동작구,6,38
356,2020.4.1,마포구,1,1
357,2020.4.1,서대문구,0,0
358,2020.4.1,서초구,5,31
359,2020.4.1,성동구,2,3.5
360,2020.4.1,성북구,6,28.5
361,2020.4.1,송파구,5,29
362,2020.4.1,양천구,5,33.5
363,2020.4.1,영등포구,2,14.5
364,2020.4.1,용산구,5,32.5
365,2020.4.1,은평구,7,35
366,2020.4.1,종로구,3,15
367,2020.4.1,중구,3,14.5
368,2020.4.1,중랑구,5,29
369,2020.5.1,강남구,32,280.5
370,2020.5.1,강동구,20,177
371,2020.5.1,강북구,11,94
372,2020.5.1,강서구,23,185
373,2020.5.1,관악구,15,109
374,2020.5.1,광진구,6,90
375,2020.5.1,구로구,11,82.5
376,2020.5.1,금천구,24,161
377,2020.5.1,노원구,22,189
378,2020.5.1,도봉구,11,103
379,2020.5.1,동대문구,24,216
380,2020.5.1,동작구,24,208
381,2020.5.1,마포구,24,187
382,2020.5.1,서대문구,4,20
383,2020.5.1,서초구,22,196.5
384,2020.5.1,성동구,26,245.5
385,2020.5.1,성북구,24,214
386,2020.5.1,송파구,19,147
387,2020.5.1,양천구,23,183.5
388,2020.5.1,영등포구,21,165
389,2020.5.1,용산구,24,198
390,2020.5.1,은평구,39,247
391,2020.5.1,종로구,12,105
392,2020.5.1,중구,12,105
393,2020.5.1,중랑구,22,195.5
394,2020.6.1,강남구,26,321.5
395,2020.6.1,강동구,16,169
396,2020.6.1,강북구,8,151.5
397,2020.6.1,강서구,16,205.5
398,2020.6.1,관악구,16,234.5
399,2020.6.1,광진구,8,94.5
400,2020.6.1,구로구,7,98
401,2020.6.1,금천구,14,208.5
402,2020.6.1,노원구,16,313
403,2020.6.1,도봉구,9,158.5
404,2020.6.1,동대문구,16,247
405,2020.6.1,동작구,16,255.5
406,2020.6.1,마포구,17,232.5
407,2020.6.1,서대문구,8,130.5
408,2020.6.1,서초구,19,262
409,2020.6.1,성동구,18,221
410,2020.6.1,성북구,15,288.5
411,2020.6.1,송파구,17,171
412,2020.6.1,양천구,16,202
413,2020.6.1,영등포구,16,231.5
414,2020.6.1,용산구,18,244
415,2020.6.1,은평구,24,340.5
416,2020.6.1,종로구,9,136
417,2020.6.1,중구,14,252
418,2020.6.1,중랑구,16,214
419,2020.7.1,강남구,40,831.5
420,2020.7.1,강동구,31,516
421,2020.7.1,강북구,14,236.5
422,2020.7.1,강서구,32,416.5
423,2020.7.1,관악구,26,568
424,2020.7.1,광진구,14,279.5
425,2020.7.1,구로구,13,235.5
426,2020.7.1,금천구,29,504.5
427,2020.7.1,노원구,26,555
428,2020.7.1,도봉구,15,235.5
429,2020.7.1,동대문구,27,501.5
430,2020.7.1,동작구,26,562.5
431,2020.7.1,마포구,28,472
432,2020.7.1,서대문구,15,243.5
433,2020.7.1,서초구,27,600
434,2020.7.1,성동구,26,463.5
435,2020.7.1,성북구,29,503.5
436,2020.7.1,송파구,24,458.5
437,2020.7.1,양천구,28,477
438,2020.7.1,영등포구,28,467
439,2020.7.1,용산구,30,480.5
440,2020.7.1,은평구,44,638
441,2020.7.1,종로구,15,256.5
442,2020.7.1,중구,26,523
443,2020.7.1,중랑구,28,499.5
444,2020.8.1,강남구,57,2041
445,2020.8.1,강동구,39,1487.5
446,2020.8.1,강북구,18,723.5
447,2020.8.1,강서구,38,1083.5
448,2020.8.1,관악구,34,1257
449,2020.8.1,광진구,20,663.5
450,2020.8.1,구로구,17,536
451,2020.8.1,금천구,36,1271
452,2020.8.1,노원구,39,1741
453,2020.8.1,도봉구,19,819
454,2020.8.1,동대문구,35,1533.5
455,2020.8.1,동작구,34,1225.5
456,2020.8.1,마포구,26,685.5
457,2020.8.1,서대문구,19,612
458,2020.8.1,서초구,40,1387.5
459,2020.8.1,성동구,36,1240
460,2020.8.1,성북구,38,1443
461,2020.8.1,송파구,37,1406.5
462,2020.8.1,양천구,35,1125.5
463,2020.8.1,영등포구,34,1104.5
464,2020.8.1,용산구,34,1191.5
465,2020.8.1,은평구,55,2291.5
466,2020.8.1,종로구,34,1169
467,2020.8.1,중구,38,1296.5
468,2020.8.1,중랑구,35,1498.5
469,2020.9.1,강남구,34,501.5
470,2020.9.1,강동구,22,318.5
471,2020.9.1,강북구,9,133.5
472,2020.9.1,강서구,21,293.5
473,2020.9.1,관악구,20,337.5
474,2020.9.1,광진구,9,155.5
475,2020.9.1,구로구,11,177.5
476,2020.9.1,금천구,21,322
477,2020.9.1,노원구,22,405
478,2020.9.1,도봉구,9,143.5
479,2020.9.1,동대문구,20,297.5
480,2020.9.1,동작구,20,319.5
481,2020.9.1,마포구,18,295.5
482,2020.9.1,서대문구,9,167
483,2020.9.1,서초구,18,333
484,2020.9.1,성동구,19,270.5
485,2020.9.1,성북구,20,305
486,2020.9.1,송파구,23,304
487,2020.9.1,양천구,20,339.5
488,2020.9.1,영등포구,20,315.5
489,2020.9.1,용산구,16,271.5
490,2020.9.1,은평구,29,462.5
491,2020.9.1,종로구,19,325
492,2020.9.1,중구,18,309.5
493,2020.9.1,중랑구,18,326.5
494,2020.10.1,강남구,0,0
495,2020.10.1,강동구,0,0
496,2020.10.1,강북구,0,0
497,2020.10.1,강서구,0,0
498,2020.10.1,관악구,0,0
499,2020.10.1,광진구,0,0
500,2020.10.1,구로구,0,0
501,2020.10.1,금천구,0,0
502,2020.10.1,노원구,4,146
503,2020.10.1,도봉구,0,0
504,2020.10.1,동대문구,0,0
505,2020.10.1,동작구,0,0
506,2020.10.1,마포구,0,0
507,2020.10.1,서대문구,0,0
508,2020.10.1,서초구,0,0
509,2020.10.1,성동구,0,0
510,2020.10.1,성북구,0,0
511,2020.10.1,송파구,0,0
512,2020.10.1,양천구,0,0
513,2020.10.1,영등포구,0,0
514,2020.10.1,용산구,0,0
515,2020.10.1,은평구,1,0.5
516,2020.10.1,종로구,0,0
517,2020.10.1,중구,1,0.5
518,2020.10.1,중랑구,0,0
519,2020.11.1,강남구,13,239
520,2020.11.1,강동구,11,153.5
521,2020.11.1,강북구,5,103.5
522,2020.11.1,강서구,14,158.5
523,2020.11.1,관악구,8,183.5
524,2020.11.1,광진구,3,76
525,2020.11.1,구로구,5,103.5
526,2020.11.1,금천구,11,209.5
527,2020.11.1,노원구,22,811.5
528,2020.11.1,도봉구,3,112.5
529,2020.11.1,동대문구,10,208
530,2020.11.1,동작구,8,206.5
531,2020.11.1,마포구,6,196
532,2020.11.1,서대문구,5,98
533,2020.11.1,서초구,6,167
534,2020.11.1,성동구,12,169.5
535,2020.11.1,성북구,9,185.5
536,2020.11.1,송파구,9,143
537,2020.11.1,양천구,8,205
538,2020.11.1,영등포구,6,198.5
539,2020.11.1,용산구,6,163.5
540,2020.11.1,은평구,9,174
541,2020.11.1,종로구,9,201.5
542,2020.11.1,중구,10,195.5
543,2020.11.1,중랑구,11,179.5
544,2020.12.1,강남구,7,10
545,2020.12.1,강동구,3,2.5
546,2020.12.1,강북구,2,1
547,2020.12.1,강서구,4,6
548,2020.12.1,관악구,4,4
549,2020.12.1,광진구,2,1.5
550,2020.12.1,구로구,2,4
551,2020.12.1,금천구,2,3.5
552,2020.12.1,노원구,23,824.5
553,2020.12.1,도봉구,2,1.5
554,2020.12.1,동대문구,5,4
555,2020.12.1,동작구,2,1
556,2020.12.1,마포구,4,5.5
557,2020.12.1,서대문구,2,2.5
558,2020.12.1,서초구,4,5
559,2020.12.1,성동구,4,4
560,2020.12.1,성북구,2,1
561,2020.12.1,송파구,5,4
562,2020.12.1,양천구,6,5.5
563,2020.12.1,영등포구,4,5
564,2020.12.1,용산구,4,4
565,2020.12.1,은평구,8,8
566,2020.12.1,종로구,4,2.5
567,2020.12.1,중구,6,4
568,2020.12.1,중랑구,2,1.5
569,2021.1.1,강남구,20,62
570,2021.1.1,강동구,12,30.5
571,2021.1.1,강북구,5,14
572,2021.1.1,강서구,9,23.5
573,2021.1.1,관악구,6,26
574,2021.1.1,광진구,5,16.5
575,2021.1.1,구로구,9,37
576,2021.1.1,금천구,9,25.5
577,2021.1.1,노원구,27,801.5
578,2021.1.1,도봉구,6,14
579,2021.1.1,동대문구,11,31
580,2021.1.1,동작구,2,4
581,2021.1.1,마포구,8,27
582,2021.1.1,서대문구,5,13.5
583,2021.1.1,서초구,10,112.5
584,2021.1.1,성동구,10,26.5
585,2021.1.1,성북구,8,15.5
586,2021.1.1,송파구,12,43
587,2021.1.1,양천구,10,28
588,2021.1.1,영등포구,2,23
589,2021.1.1,용산구,11,33.5
590,2021.1.1,은평구,9,26
591,2021.1.1,종로구,9,27.5
592,2021.1.1,중구,10,29.5
593,2021.1.1,중랑구,11,28.5
594,2021.2.1,강남구,2,5
595,2021.2.1,강동구,6,7
596,2021.2.1,강북구,3,3
597,2021.2.1,강서구,8,7
598,2021.2.1,관악구,6,29
599,2021.2.1,광진구,3,3.5
600,2021.2.1,구로구,8,7
601,2021.2.1,금천구,6,9
602,2021.2.1,노원구,17,431.5
603,2021.2.1,도봉구,3,4
604,2021.2.1,동대문구,8,7
605,2021.2.1,동작구,8,9
606,2021.2.1,마포구,5,4
607,2021.2.1,서대문구,1,0.5
608,2021.2.1,서초구,6,4
609,2021.2.1,성동구,7,5.5
610,2021.2.1,성북구,5,3.5
611,2021.2.1,송파구,6,6
612,2021.2.1,양천구,8,5.5
613,2021.2.1,영등포구,4,3
614,2021.2.1,용산구,9,7
615,2021.2.1,은평구,10,9.5
616,2021.2.1,종로구,8,7.5
617,2021.2.1,중구,5,5
618,2021.2.1,중랑구,6,5.5
619,2021.3.1,강남구,9,79.5
620,2021.3.1,강동구,10,181.5
621,2021.3.1,강북구,4,64.5
622,2021.3.1,강서구,15,203
623,2021.3.1,관악구,17,198.5
624,2021.3.1,광진구,7,96.5
625,2021.3.1,구로구,14,196.5
626,2021.3.1,금천구,16,193.5
627,2021.3.1,노원구,22,748
628,2021.3.1,도봉구,8,104
629,2021.3.1,동대문구,15,200.5
630,2021.3.1,동작구,15,204
631,2021.3.1,마포구,9,192.5
632,2021.3.1,서대문구,7,99.5
633,2021.3.1,서초구,8,198
634,2021.3.1,성동구,15,193.5
635,2021.3.1,성북구,17,211
636,2021.3.1,송파구,15,204.5
637,2021.3.1,양천구,15,205
638,2021.3.1,영등포구,10,185.5
639,2021.3.1,용산구,15,187.5
640,2021.3.1,은평구,20,394.5
641,2021.3.1,종로구,6,165.5
642,2021.3.1,중구,8,133.5
643,2021.3.1,중랑구,14,193
644,2021.4.1,강남구,20,333
645,2021.4.1,강동구,13,200.5
646,2021.4.1,강북구,7,61.5
647,2021.4.1,강서구,18,233.5
648,2021.4.1,관악구,18,1816.5
649,2021.4.1,광진구,8,112
650,2021.4.1,구로구,18,207
651,2021.4.1,금천구,15,224
652,2021.4.1,노원구,20,451.5
653,2021.4.1,도봉구,9,124
654,2021.4.1,동대문구,18,235.5
655,2021.4.1,동작구,17,226
656,2021.4.1,마포구,15,216.5
657,2021.4.1,서대문구,8,79.5
658,2021.4.1,서초구,15,223
659,2021.4.1,성동구,16,218
660,2021.4.1,성북구,19,238
661,2021.4.1,송파구,14,206
662,2021.4.1,양천구,18,210.5
663,2021.4.1,영등포구,12,207.5
664,2021.4.1,용산구,17,223
665,2021.4.1,은평구,21,407
666,2021.4.1,종로구,18,219
667,2021.4.1,중구,19,240.5
668,2021.4.1,중랑구,15,217
669,2021.5.1,강남구,46,525
670,2021.5.1,강동구,30,325
671,2021.5.1,강북구,15,174.5
672,2021.5.1,강서구,29,356.5
673,2021.5.1,관악구,37,11316.5
674,2021.5.1,광진구,15,164.5
675,2021.5.1,구로구,29,313.5
676,2021.5.1,금천구,31,361
677,2021.5.1,노원구,31,355.5
678,2021.5.1,도봉구,16,199.5
679,2021.5.1,동대문구,30,345
680,2021.5.1,동작구,31,342.5
681,2021.5.1,마포구,29,322
682,2021.5.1,서대문구,15,144.5
683,2021.5.1,서초구,26,347.5
684,2021.5.1,성동구,28,323
685,2021.5.1,성북구,30,349
686,2021.5.1,송파구,29,366.5
687,2021.5.1,양천구,28,317
688,2021.5.1,영등포구,28,307
689,2021.5.1,용산구,29,308.5
690,2021.5.1,은평구,42,507.5
691,2021.5.1,종로구,28,332.5
692,2021.5.1,중구,27,326.5
693,2021.5.1,중랑구,27,283.5
694,2021.6.1,강남구,36,235.5
695,2021.6.1,강동구,27,131
696,2021.6.1,강북구,13,97
697,2021.6.1,강서구,19,127
698,2021.6.1,관악구,25,209
699,2021.6.1,광진구,13,74.5
700,2021.6.1,구로구,21,155
701,2021.6.1,금천구,26,201
702,2021.6.1,노원구,24,191.5
703,2021.6.1,도봉구,13,124
704,2021.6.1,동대문구,22,148
705,2021.6.1,동작구,27,170.5
706,2021.6.1,마포구,24,157.5
707,2021.6.1,서대문구,11,115.5
708,2021.6.1,서초구,25,188.5
709,2021.6.1,성동구,22,124.5
710,2021.6.1,성북구,24,181
711,2021.6.1,송파구,23,159.5
712,2021.6.1,양천구,23,198.5
713,2021.6.1,영등포구,26,186.5
714,2021.6.1,용산구,25,201
715,2021.6.1,은평구,34,354
716,2021.6.1,종로구,23,175
717,2021.6.1,중구,24,158.5
718,2021.6.1,중랑구,23,177.5
719,2021.7.1,강남구,24,364.5
720,2021.7.1,강동구,14,224
721,2021.7.1,강북구,9,118.5
722,2021.7.1,강서구,20,327
723,2021.7.1,관악구,22,321.5
724,2021.7.1,광진구,9,137.5
725,2021.7.1,구로구,9,109
726,2021.7.1,금천구,22,284.5
727,2021.7.1,노원구,19,262.5
728,2021.7.1,도봉구,10,130
729,2021.7.1,동대문구,18,260
730,2021.7.1,동작구,19,296
731,2021.7.1,마포구,22,346
732,2021.7.1,서대문구,11,161.5
733,2021.7.1,서초구,19,240.5
734,2021.7.1,성동구,19,205
735,2021.7.1,성북구,17,245.5
736,2021.7.1,송파구,18,213.5
737,2021.7.1,양천구,22,288
738,2021.7.1,영등포구,19,241.5
739,2021.7.1,용산구,19,192.5
740,2021.7.1,은평구,34,466.5
741,2021.7.1,종로구,14,315
742,2021.7.1,중구,16,265.5
743,2021.7.1,중랑구,20,289.5
744,2021.8.1,강남구,44,688.5
745,2021.8.1,강동구,26,355.5
746,2021.8.1,강북구,14,182
747,2021.8.1,강서구,26,437
748,2021.8.1,관악구,30,495.5
749,2021.8.1,광진구,14,231
750,2021.8.1,구로구,14,215.5
751,2021.8.1,금천구,30,438.5
752,2021.8.1,노원구,30,394
753,2021.8.1,도봉구,16,214
754,2021.8.1,동대문구,28,430.5
755,2021.8.1,동작구,27,580
756,2021.8.1,마포구,27,424.5
757,2021.8.1,서대문구,14,210
758,2021.8.1,서초구,30,477.5
759,2021.8.1,성동구,23,467.5
760,2021.8.1,성북구,33,398.5
761,2021.8.1,송파구,27,410
762,2021.8.1,양천구,30,458
763,2021.8.1,영등포구,27,455.5
764,2021.8.1,용산구,29,433.5
765,2021.8.1,은평구,46,601.5
766,2021.8.1,종로구,26,385
767,2021.8.1,중구,26,414
768,2021.8.1,중랑구,30,356.5
769,2021.9.1,강남구,24,373.5
770,2021.9.1,강동구,16,244
771,2021.9.1,강북구,7,136
772,2021.9.1,강서구,15,213
773,2021.9.1,관악구,15,148.5
774,2021.9.1,광진구,8,139.5
775,2021.9.1,구로구,8,110
776,2021.9.1,금천구,16,208
777,2021.9.1,노원구,15,284.5
778,2021.9.1,도봉구,7,160
779,2021.9.1,동대문구,16,288
780,2021.9.1,동작구,17,254.5
781,2021.9.1,마포구,16,226
782,2021.9.1,서대문구,8,124.5
783,2021.9.1,서초구,16,229.5
784,2021.9.1,성동구,16,270.5
785,2021.9.1,성북구,14,266.5
786,2021.9.1,송파구,16,230.5
787,2021.9.1,양천구,16,243.5
788,2021.9.1,영등포구,18,222
789,2021.9.1,용산구,17,241
790,2021.9.1,은평구,24,343
791,2021.9.1,종로구,16,255.5
792,2021.9.1,중구,16,270
793,2021.9.1,중랑구,16,256
794,2021.10.1,강남구,28,118
795,2021.10.1,강동구,19,77
796,2021.10.1,강북구,10,67.5
797,2021.10.1,강서구,21,92.5
798,2021.10.1,관악구,15,137
799,2021.10.1,광진구,10,47
800,2021.10.1,구로구,9,27
801,2021.10.1,금천구,14,45.5
802,2021.10.1,노원구,20,112.5
803,2021.10.1,도봉구,10,57.5
804,2021.10.1,동대문구,20,96.5
805,2021.10.1,동작구,17,70.5
806,2021.10.1,마포구,19,89
807,2021.10.1,서대문구,11,55.5
808,2021.10.1,서초구,17,68.5
809,2021.10.1,성동구,19,86.5
810,2021.10.1,성북구,20,116
811,2021.10.1,송파구,20,73.5
812,2021.10.1,양천구,20,86.5
813,2021.10.1,영등포구,19,75.5
814,2021.10.1,용산구,22,86.5
815,2021.10.1,은평구,28,189.5
816,2021.10.1,종로구,19,108.5
817,2021.10.1,중구,18,90
818,2021.10.1,중랑구,21,87
819,2021.11.1,강남구,16,221
820,2021.11.1,강동구,9,127
821,2021.11.1,강북구,4,65.5
822,2021.11.1,강서구,10,124.5
823,2021.11.1,관악구,12,137.5
824,2021.11.1,광진구,5,64.5
825,2021.11.1,구로구,5,59
826,2021.11.1,금천구,10,139
827,2021.11.1,노원구,9,137
828,2021.11.1,도봉구,4,75.5
829,2021.11.1,동대문구,10,121.5
830,2021.11.1,동작구,10,136.5
831,2021.11.1,마포구,10,113
832,2021.11.1,서대문구,5,57
833,2021.11.1,서초구,11,149
834,2021.11.1,성동구,10,132.5
835,2021.11.1,성북구,9,127.5
836,2021.11.1,송파구,11,138
837,2021.11.1,양천구,10,129.5
838,2021.11.1,영등포구,10,128
839,2021.11.1,용산구,10,134.5
840,2021.11.1,은평구,14,182
841,2021.11.1,종로구,10,112.5
842,2021.11.1,중구,10,116.5
843,2021.11.1,중랑구,9,107.5
844,2021.12.1,강남구,11,19.5
845,2021.12.1,강동구,8,13
846,2021.12.1,강북구,5,7
847,2021.12.1,강서구,9,13
848,2021.12.1,관악구,9,12
849,2021.12.1,광진구,5,6
850,2021.12.1,구로구,4,5
851,2021.12.1,금천구,8,15.5
852,2021.12.1,노원구,8,10.5
853,2021.12.1,도봉구,4,7
854,2021.12.1,동대문구,9,13.5
855,2021.12.1,동작구,7,12
856,2021.12.1,마포구,8,9.5
857,2021.12.1,서대문구,5,7.5
858,2021.12.1,서초구,7,9.5
859,2021.12.1,성동구,8,10
860,2021.12.1,성북구,11,14
861,2021.12.1,송파구,8,11
862,2021.12.1,양천구,7,9.5
863,2021.12.1,영등포구,7,7.5
864,2021.12.1,용산구,8,9.5
865,2021.12.1,은평구,14,17.5
866,2021.12.1,종로구,11,12.5
867,2021.12.1,중구,9,13
868,2021.12.1,중랑구,9,12
869,2022.1.1,강남구,3,2
870,2022.1.1,강동구,3,2
871,2022.1.1,강북구,2,1
872,2022.1.1,강서구,0,0
873,2022.1.1,관악구,0,0
874,2022.1.1,광진구,2,1.5
875,2022.1.1,구로구,0,0
876,2022.1.1,금천구,0,0
877,2022.1.1,노원구,1,1
878,2022.1.1,도봉구,1,1
879,2022.1.1,동대문구,4,2.5
880,2022.1.1,동작구,4,2.5
881,2022.1.1,마포구,1,0.5
882,2022.1.1,서대문구,1,0.5
883,2022.1.1,서초구,1,0.5
884,2022.1.1,성동구,0,0
885,2022.1.1,성북구,5,3.5
886,2022.1.1,송파구,5,3
887,2022.1.1,양천구,1,0.5
888,2022.1.1,용산구,3,2
889,2022.1.1,은평구,1,0.5
890,2022.1.1,종로구,2,1
891,2022.1.1,중구,3,1.5
892,2022.1.1,중랑구,2,1.5
893,2022.2.1,강남구,6,12
894,2022.2.1,강동구,4,6.5
895,2022.2.1,강북구,0,0
896,2022.2.1,강서구,4,4
897,2022.2.1,관악구,4,5
898,2022.2.1,광진구,2,2
899,2022.2.1,구로구,3,30.5
900,2022.2.1,금천구,4,6.5
901,2022.2.1,노원구,4,5.5
902,2022.2.1,도봉구,2,2.5
903,2022.2.1,동대문구,5,5.5
904,2022.2.1,동작구,4,5
905,2022.2.1,마포구,3,2
906,2022.2.1,서대문구,2,2
907,2022.2.1,서초구,4,7.5
908,2022.2.1,성동구,4,4
909,2022.2.1,성북구,4,4.5
910,2022.2.1,송파구,4,9
911,2022.2.1,양천구,4,4
912,2022.2.1,영등포구,4,3
913,2022.2.1,용산구,4,4
914,2022.2.1,은평구,4,3.5
915,2022.2.1,종로구,4,3
916,2022.2.1,중구,4,4
917,2022.2.1,중랑구,4,5.5
918,2022.3.1,강남구,25,230
919,2022.3.1,강동구,17,150.5
920,2022.3.1,강북구,8,101
921,2022.3.1,강서구,17,188
922,2022.3.1,관악구,16,146.5
923,2022.3.1,광진구,10,77
924,2022.3.1,구로구,7,61.5
925,2022.3.1,금천구,14,146.5
926,2022.3.1,노원구,14,205
927,2022.3.1,도봉구,7,105
928,2022.3.1,동대문구,18,178
929,2022.3.1,동작구,15,165
930,2022.3.1,마포구,16,159.5
931,2022.3.1,서대문구,8,93.5
932,2022.3.1,서초구,15,140
933,2022.3.1,성동구,17,169.5
934,2022.3.1,성북구,16,195.5
935,2022.3.1,송파구,17,150
936,2022.3.1,양천구,13,162.5
937,2022.3.1,영등포구,15,157
938,2022.3.1,용산구,15,150.5
939,2022.3.1,은평구,27,287
940,2022.3.1,종로구,16,197
941,2022.3.1,중구,17,185.5
942,2022.3.1,중랑구,19,148
943,2022.4.1,강남구,10,65
944,2022.4.1,강동구,8,56
945,2022.4.1,강북구,4,17.5
946,2022.4.1,강서구,7,34.5
947,2022.4.1,관악구,6,40.5
948,2022.4.1,광진구,5,25
949,2022.4.1,구로구,3,14.5
950,2022.4.1,금천구,7,42
951,2022.4.1,노원구,7,30
952,2022.4.1,도봉구,4,16.5
953,2022.4.1,동대문구,12,40
954,2022.4.1,동작구,7,45
955,2022.4.1,마포구,6,34.5
956,2022.4.1,서대문구,5,16.5
957,2022.4.1,서초구,7,51.5
958,2022.4.1,성동구,11,37.5
959,2022.4.1,성북구,11,38
960,2022.4.1,송파구,8,61.5
961,2022.4.1,양천구,6,34.5
962,2022.4.1,영등포구,7,32
963,2022.4.1,용산구,10,39.5
964,2022.4.1,은평구,14,54.5
965,2022.4.1,종로구,10,35.5
966,2022.4.1,중구,11,38.5
967,2022.4.1,중랑구,6,27.5
968,2022.5.1,강남구,10,29
969,2022.5.1,강동구,6,16.5
970,2022.5.1,강북구,3,5.5
971,2022.5.1,강서구,6,10
972,2022.5.1,관악구,6,15.5
973,2022.5.1,광진구,3,7.5
974,2022.5.1,구로구,4,12
975,2022.5.1,금천구,6,13.5
976,2022.5.1,노원구,7,10.5
977,2022.5.1,도봉구,4,6
978,2022.5.1,동대문구,6,10.5
979,2022.5.1,동작구,7,15
980,2022.5.1,마포구,6,12
981,2022.5.1,서대문구,3,4.5
982,2022.5.1,서초구,6,18
983,2022.5.1,성동구,6,11
984,2022.5.1,성북구,6,12.5
985,2022.5.1,송파구,6,17.5
986,2022.5.1,양천구,6,12.5
987,2022.5.1,영등포구,6,12
988,2022.5.1,용산구,6,13
989,2022.5.1,은평구,9,15
990,2022.5.1,종로구,6,9
991,2022.5.1,중구,7,37
992,2022.5.1,중랑구,6,11
993,2022.6.1,강남구,36,1323.5
994,2022.6.1,강동구,26,892
995,2022.6.1,강북구,11,437
996,2022.6.1,강서구,22,714.5
997,2022.6.1,관악구,21,737.5
998,2022.6.1,광진구,13,446
999,2022.6.1,구로구,20,790.5
1000,2022.6.1,금천구,23,739.5
1001,2022.6.1,노원구,24,941.5
1002,2022.6.1,도봉구,11,492
1003,2022.6.1,동대문구,22,861
1004,2022.6.1,동작구,23,726
1005,2022.6.1,마포구,23,712.5
1006,2022.6.1,서대문구,12,358.5
1007,2022.6.1,서초구,25,798
1008,2022.6.1,성동구,24,838
1009,2022.6.1,성북구,24,820
1010,2022.6.1,송파구,24,922.5
1011,2022.6.1,양천구,21,645.5
1012,2022.6.1,영등포구,23,644.5
1013,2022.6.1,용산구,24,718.5
1014,2022.6.1,은평구,32,1210.5
1015,2022.6.1,종로구,24,634.5
1016,2022.6.1,중구,23,779.5
1017,2022.6.1,중랑구,23,848.5
1018,2022.7.1,강남구,39,881
1019,2022.7.1,강동구,28,537.5
1020,2022.7.1,강북구,14,283
1021,2022.7.1,강서구,22,395
1022,2022.7.1,관악구,26,587
1023,2022.7.1,광진구,14,296.5
1024,2022.7.1,구로구,25,447
1025,2022.7.1,금천구,25,517.5
1026,2022.7.1,노원구,24,540.5
1027,2022.7.1,도봉구,12,269.5
1028,2022.7.1,동대문구,27,553
1029,2022.7.1,동작구,27,505
1030,2022.7.1,마포구,25,393.5
1031,2022.7.1,서대문구,12,202.5
1032,2022.7.1,서초구,25,562
1033,2022.7.1,성동구,26,521
1034,2022.7.1,성북구,24,501.5
1035,2022.7.1,송파구,28,582.5
1036,2022.7.1,양천구,20,414.5
1037,2022.7.1,영등포구,25,416
1038,2022.7.1,용산구,28,470
1039,2022.7.1,은평구,37,595.5
1040,2022.7.1,종로구,30,496.5
1041,2022.7.1,중구,27,519.5
1042,2022.7.1,중랑구,25,521
1043,2022.8.1,강남구,57,2200
1044,2022.8.1,강동구,38,1227.5
1045,2022.8.1,강북구,19,492
1046,2022.8.1,강서구,35,963.5
1047,2022.8.1,관악구,37,1445.5
1048,2022.8.1,광진구,20,597
1049,2022.8.1,구로구,36,1398
1050,2022.8.1,금천구,37,1389
1051,2022.8.1,노원구,35,1088.5
1052,2022.8.1,도봉구,16,576.5
1053,2022.8.1,동대문구,41,1177
1054,2022.8.1,동작구,36,1149
1055,2022.8.1,마포구,35,968.5
1056,2022.8.1,서대문구,19,499.5
1057,2022.8.1,서초구,36,1458.5
1058,2022.8.1,성동구,40,1112.5
1059,2022.8.1,성북구,38,1048.5
1060,2022.8.1,송파구,40,1500.5
1061,2022.8.1,양천구,40,1120.5
1062,2022.8.1,영등포구,37,1230
1063,2022.8.1,용산구,40,1188.5
1064,2022.8.1,은평구,56,1548.5
1065,2022.8.1,종로구,39,1087
1066,2022.8.1,중구,40,1165.5
1067,2022.8.1,중랑구,41,1099
1068,2022.9.1,강남구,19,786
1069,2022.9.1,강동구,14,569
1070,2022.9.1,강북구,6,189.5
1071,2022.9.1,강서구,12,362.5
1072,2022.9.1,관악구,12,457
1073,2022.9.1,광진구,6,248
1074,2022.9.1,구로구,12,421
1075,2022.9.1,금천구,12,422
1076,2022.9.1,노원구,12,351.5
1077,2022.9.1,도봉구,6,196.5
1078,2022.9.1,동대문구,12,388
1079,2022.9.1,동작구,13,432.5
1080,2022.9.1,마포구,12,424.5
1081,2022.9.1,서대문구,6,188
1082,2022.9.1,서초구,12,462
1083,2022.9.1,성동구,12,374.5
1084,2022.9.1,성북구,12,407
1085,2022.9.1,송파구,13,582.5
1086,2022.9.1,양천구,11,395.5
1087,2022.9.1,영등포구,12,395
1088,2022.9.1,용산구,12,412
1089,2022.9.1,은평구,18,540.5
1090,2022.9.1,종로구,14,399
1091,2022.9.1,중구,12,408
1092,2022.9.1,중랑구,13,418
1093,2022.10.1,강남구,17,315.5
1094,2022.10.1,강동구,12,223
1095,2022.10.1,강북구,5,179
1096,2022.10.1,강서구,10,229.5
1097,2022.10.1,관악구,10,209.5
1098,2022.10.1,광진구,6,114
1099,2022.10.1,구로구,10,223.5
1100,2022.10.1,금천구,10,227.5
1101,2022.10.1,노원구,10,329
1102,2022.10.1,도봉구,7,167.5
1103,2022.10.1,동대문구,11,268.5
1104,2022.10.1,동작구,12,242.5
1105,2022.10.1,마포구,11,226.5
1106,2022.10.1,서대문구,4,131.5
1107,2022.10.1,서초구,10,208.5
1108,2022.10.1,성동구,10,225.5
1109,2022.10.1,성북구,10,311
1110,2022.10.1,송파구,12,205
1111,2022.10.1,양천구,10,231
1112,2022.10.1,영등포구,10,217.5
1113,2022.10.1,용산구,11,226
1114,2022.10.1,은평구,13,469.5
1115,2022.10.1,종로구,14,292.5
1116,2022.10.1,중구,11,241
1117,2022.10.1,중랑구,12,270
1118,2022.11.1,강남구,15,183.5
1119,2022.11.1,강동구,11,136.5
1120,2022.11.1,강북구,5,87.5
1121,2022.11.1,강서구,10,158.5
1122,2022.11.1,관악구,10,115.5
1123,2022.11.1,광진구,5,66
1124,2022.11.1,구로구,10,135
1125,2022.11.1,금천구,10,126
1126,2022.11.1,노원구,10,167.5
1127,2022.11.1,도봉구,5,88.5
1128,2022.11.1,동대문구,11,135.5
1129,2022.11.1,동작구,10,128
1130,2022.11.1,마포구,10,159
1131,2022.11.1,서대문구,5,83
1132,2022.11.1,서초구,11,114
1133,2022.11.1,성동구,10,122
1134,2022.11.1,성북구,10,159.5
1135,2022.11.1,송파구,10,136
1136,2022.11.1,양천구,7,122
1137,2022.11.1,영등포구,11,138.5
1138,2022.11.1,용산구,9,114.5
1139,2022.11.1,은평구,22,260.5
1140,2022.11.1,종로구,10,157.5
1141,2022.11.1,중구,10,141.5
1142,2022.11.1,중랑구,10,133.5
1143,2022.12.1,강남구,10,17
1144,2022.12.1,강동구,12,12
1145,2022.12.1,강북구,8,10.5
1146,2022.12.1,강서구,9,16.5
1147,2022.12.1,관악구,10,17.5
1148,2022.12.1,광진구,3,6.5
1149,2022.12.1,구로구,8,20
1150,2022.12.1,금천구,10,18
1151,2022.12.1,노원구,10,16
1152,2022.12.1,도봉구,8,10.5
1153,2022.12.1,동대문구,11,19.5
1154,2022.12.1,동작구,12,18.5
1155,2022.12.1,마포구,9,17
1156,2022.12.1,서대문구,6,11
1157,2022.12.1,서초구,12,16
1158,2022.12.1,성동구,9,15
1159,2022.12.1,성북구,10,18.5
1160,2022.12.1,송파구,6,6
1161,2022.12.1,양천구,9,16
1162,2022.12.1,영등포구,9,17
1163,2022.12.1,용산구,7,14
1164,2022.12.1,은평구,11,22.5
1165,2022.12.1,종로구,11,17
1166,2022.12.1,중구,11,17
1167,2022.12.1,중랑구,10,12
1168,2023.1.1,강남구,18,139
1169,2023.1.1,강동구,12,87.5
1170,2023.1.1,강북구,5,47
1171,2023.1.1,강서구,13,86
1172,2023.1.1,관악구,13,77
1173,2023.1.1,광진구,7,49
1174,2023.1.1,구로구,13,82.5
1175,2023.1.1,금천구,13,84
1176,2023.1.1,노원구,13,105
1177,2023.1.1,도봉구,7,53.5
1178,2023.1.1,동대문구,13,83.5
1179,2023.1.1,동작구,12,75.5
1180,2023.1.1,마포구,11,88
1181,2023.1.1,서대문구,7,46.5
1182,2023.1.1,서초구,13,93
1183,2023.1.1,성동구,12,76
1184,2023.1.1,성북구,11,91
1185,2023.1.1,송파구,10,65.5
1186,2023.1.1,양천구,14,86
1187,2023.1.1,영등포구,14,78.5
1188,2023.1.1,용산구,12,71.5
1189,2023.1.1,은평구,17,120
1190,2023.1.1,종로구,11,84
1191,2023.1.1,중구,12,83
1192,2023.1.1,중랑구,13,89
1193,2023.2.1,강남구,5,3
1194,2023.2.1,강동구,2,1
1195,2023.2.1,강북구,0,0
1196,2023.2.1,강서구,4,2.5
1197,2023.2.1,관악구,3,2
1198,2023.2.1,광진구,1,0.5
1199,2023.2.1,구로구,4,3
1200,2023.2.1,금천구,2,1.5
1201,2023.2.1,노원구,1,0.5
1202,2023.2.1,도봉구,1,0.5
1203,2023.2.1,동대문구,2,1
1204,2023.2.1,동작구,4,3
1205,2023.2.1,마포구,4,2.5
1206,2023.2.1,서대문구,2,1.5
1207,2023.2.1,서초구,4,2.5
1208,2023.2.1,성동구,2,1
1209,2023.2.1,성북구,2,1
1210,2023.2.1,송파구,4,2
1211,2023.2.1,양천구,4,3
1212,2023.2.1,영등포구,4,2.5
1213,2023.2.1,용산구,4,2.5
1214,2023.2.1,은평구,3,1.5
1215,2023.2.1,종로구,3,1.5
1216,2023.2.1,중구,3,1.5
1217,2023.2.1,중랑구,2,1
1218,2023.3.1,강남구,6,24.5
1219,2023.3.1,강동구,4,13.5
1220,2023.3.1,강북구,2,10
1221,2023.3.1,강서구,7,22
1222,2023.3.1,관악구,6,17.5
1223,2023.3.1,광진구,2,8
1224,2023.3.1,구로구,6,22.5
1225,2023.3.1,금천구,6,21
1226,2023.3.1,노원구,4,17
1227,2023.3.1,도봉구,2,9
1228,2023.3.1,동대문구,5,16.5
1229,2023.3.1,동작구,6,19.5
1230,2023.3.1,마포구,6,22.5
1231,2023.3.1,서대문구,3,11.5
1232,2023.3.1,서초구,5,18
1233,2023.3.1,성동구,5,16
1234,2023.3.1,성북구,4,16.5
1235,2023.3.1,송파구,4,15
1236,2023.3.1,양천구,6,23
1237,2023.3.1,영등포구,7,22
1238,2023.3.1,용산구,6,17.5
1239,2023.3.1,은평구,10,34
1240,2023.3.1,종로구,6,22
1241,2023.3.1,중구,6,18.5
1242,2023.3.1,중랑구,2,7.5
1243,2023.4.1,강남구,28,257
1244,2023.4.1,강동구,20,157.5
1245,2023.4.1,강북구,9,98.5
1246,2023.4.1,강서구,18,156
1247,2023.4.1,관악구,10,78.5
1248,2023.4.1,광진구,9,82
1249,2023.4.1,구로구,17,157
1250,2023.4.1,금천구,17,163.5
1251,2023.4.1,노원구,21,202
1252,2023.4.1,도봉구,11,105.5
1253,2023.4.1,동대문구,20,194
1254,2023.4.1,동작구,21,179.5
1255,2023.4.1,마포구,17,165
1256,2023.4.1,서대문구,10,86
1257,2023.4.1,서초구,19,153.5
1258,2023.4.1,성동구,20,183.5
1259,2023.4.1,성북구,20,190
1260,2023.4.1,송파구,19,174
1261,2023.4.1,양천구,18,158
1262,2023.4.1,영등포구,18,136
1263,2023.4.1,용산구,20,165.5
1264,2023.4.1,은평구,28,241.5
1265,2023.4.1,종로구,21,188.5
1266,2023.4.1,중구,20,181.5
1267,2023.4.1,중랑구,20,137
1268,2023.5.1,강남구,20,493.5
1269,2023.5.1,강동구,13,310
1270,2023.5.1,강북구,6,168.5
1271,2023.5.1,강서구,14,257
1272,2023.5.1,관악구,9,212.5
1273,2023.5.1,광진구,5,153.5
1274,2023.5.1,구로구,11,289.5
1275,2023.5.1,금천구,11,285.5
1276,2023.5.1,노원구,11,311.5
1277,2023.5.1,도봉구,6,164.5
1278,2023.5.1,동대문구,10,309.5
1279,2023.5.1,동작구,14,309
1280,2023.5.1,마포구,12,275.5
1281,2023.5.1,서대문구,7,114.5
1282,2023.5.1,서초구,14,303.5
1283,2023.5.1,성동구,11,277.5
1284,2023.5.1,성북구,11,325
1285,2023.5.1,송파구,14,348
1286,2023.5.1,양천구,13,324.5
1287,2023.5.1,영등포구,12,265.5
1288,2023.5.1,용산구,12,289
1289,2023.5.1,은평구,20,363.5
1290,2023.5.1,종로구,10,304
1291,2023.5.1,중구,14,308
1292,2023.5.1,중랑구,10,282
1293,2023.6.1,강남구,29,493
1294,2023.6.1,강동구,20,305
1295,2023.6.1,강북구,10,211.5
1296,2023.6.1,강서구,22,269
1297,2023.6.1,관악구,20,276.5
1298,2023.6.1,광진구,10,164
1299,2023.6.1,구로구,19,268.5
1300,2023.6.1,금천구,21,283
1301,2023.6.1,노원구,21,475
1302,2023.6.1,도봉구,11,236.5
1303,2023.6.1,동대문구,21,318.5
1304,2023.6.1,동작구,21,278.5
1305,2023.6.1,마포구,22,294
1306,2023.6.1,서대문구,11,110.5
1307,2023.6.1,서초구,19,287
1308,2023.6.1,성동구,19,286.5
1309,2023.6.1,성북구,21,369.5
1310,2023.6.1,송파구,22,350
1311,2023.6.1,양천구,22,333
1312,2023.6.1,영등포구,21,283
1313,2023.6.1,용산구,20,267.5
1314,2023.6.1,은평구,31,448.5
1315,2023.6.1,종로구,22,363
1316,2023.6.1,중구,22,308
1317,2023.6.1,중랑구,21,337
1318,2023.7.1,강남구,44,1354
1319,2023.7.1,강동구,29,854.5
1320,2023.7.1,강북구,16,454
1321,2023.7.1,강서구,26,849
1322,2023.7.1,관악구,29,856
1323,2023.7.1,광진구,16,444.5
1324,2023.7.1,구로구,28,966.5
1325,2023.7.1,금천구,32,964.5
1326,2023.7.1,노원구,32,855
1327,2023.7.1,도봉구,18,456
1328,2023.7.1,동대문구,35,1055.5
1329,2023.7.1,동작구,30,891.5
1330,2023.7.1,마포구,32,871.5
1331,2023.7.1,서대문구,15,441.5
1332,2023.7.1,서초구,32,835.5
1333,2023.7.1,성동구,36,975
1334,2023.7.1,성북구,36,807
1335,2023.7.1,송파구,28,900.5
1336,2023.7.1,양천구,29,920
1337,2023.7.1,영등포구,30,962
1338,2023.7.1,용산구,29,797.5
1339,2023.7.1,은평구,47,1196
1340,2023.7.1,종로구,35,863
1341,2023.7.1,중구,33,819
1342,2023.7.1,중랑구,35,989
1343,2023.8.1,강남구,39,748
1344,2023.8.1,강동구,25,387.5
1345,2023.8.1,강북구,10,266
1346,2023.8.1,강서구,17,518
1347,2023.8.1,관악구,21,561.5
1348,2023.8.1,광진구,11,248
1349,2023.8.1,구로구,23,608.5
1350,2023.8.1,금천구,24,571.5
1351,2023.8.1,노원구,21,583
1352,2023.8.1,도봉구,9,301.5
1353,2023.8.1,동대문구,22,649
1354,2023.8.1,동작구,23,602.5
1355,2023.8.1,마포구,18,509.5
1356,2023.8.1,서대문구,10,237.5
1357,2023.8.1,서초구,23,563.5
1358,2023.8.1,성동구,20,585.5
1359,2023.8.1,성북구,24,597.5
1360,2023.8.1,송파구,26,411.5
1361,2023.8.1,양천구,22,589
1362,2023.8.1,영등포구,26,551.5
1363,2023.8.1,용산구,25,566
1364,2023.8.1,은평구,27,737.5
1365,2023.8.1,종로구,20,585
1366,2023.8.1,중구,23,592
1367,2023.8.1,중랑구,24,555.5
1368,2023.9.1,강남구,34,413.5
1369,2023.9.1,강동구,25,244
1370,2023.9.1,강북구,8,111.5
1371,2023.9.1,강서구,20,198
1372,2023.9.1,관악구,20,255.5
1373,2023.9.1,광진구,12,137.5
1374,2023.9.1,구로구,20,227
1375,2023.9.1,금천구,20,224.5
1376,2023.9.1,노원구,16,208.5
1377,2023.9.1,도봉구,8,113.5
1378,2023.9.1,동대문구,24,315
1379,2023.9.1,동작구,21,275
1380,2023.9.1,마포구,19,232
1381,2023.9.1,서대문구,9,115
1382,2023.9.1,서초구,23,264.5
1383,2023.9.1,성동구,21,259
1384,2023.9.1,성북구,20,244.5
1385,2023.9.1,송파구,23,243.5
1386,2023.9.1,양천구,20,193.5
1387,2023.9.1,영등포구,21,192.5
1388,2023.9.1,용산구,21,249.5
1389,2023.9.1,은평구,29,323.5
1390,2023.9.1,종로구,19,256.5
1391,2023.9.1,중구,21,282
1392,2023.9.1,중랑구,23,278.5
1393,2023.10.1,강남구,16,113.5
1394,2023.10.1,강동구,10,60
1395,2023.10.1,강북구,6,40.5
1396,2023.10.1,강서구,10,95.5
1397,2023.10.1,관악구,10,47.5
1398,2023.10.1,광진구,4,28
1399,2023.10.1,구로구,8,38
1400,2023.10.1,금천구,9,37
1401,2023.10.1,노원구,12,120
1402,2023.10.1,도봉구,6,62.5
1403,2023.10.1,동대문구,11,51.5
1404,2023.10.1,동작구,10,77
1405,2023.10.1,마포구,10,85.5
1406,2023.10.1,서대문구,5,32.5
1407,2023.10.1,서초구,10,85.5
1408,2023.10.1,성동구,8,45.5
1409,2023.10.1,성북구,10,59.5
1410,2023.10.1,송파구,9,65.5
1411,2023.10.1,양천구,8,63.5
1412,2023.10.1,영등포구,8,67.5
1413,2023.10.1,용산구,9,72.5
1414,2023.10.1,은평구,17,103.5
1415,2023.10.1,종로구,11,55
1416,2023.10.1,중구,10,58
1417,2023.10.1,중랑구,9,60.5
1418,2023.11.1,강남구,18,291
1419,2023.11.1,강동구,11,183.5
1420,2023.11.1,강북구,6,91.5
1421,2023.11.1,강서구,12,130.5
1422,2023.11.1,관악구,14,167.5
1423,2023.11.1,광진구,5,92.5
1424,2023.11.1,구로구,12,149.5
1425,2023.11.1,금천구,14,170.5
1426,2023.11.1,노원구,13,180
1427,2023.11.1,도봉구,7,95
1428,2023.11.1,동대문구,12,177
1429,2023.11.1,동작구,12,164
1430,2023.11.1,마포구,13,156
1431,2023.11.1,서대문구,6,82
1432,2023.11.1,서초구,13,181.5
1433,2023.11.1,성동구,16,160.5
1434,2023.11.1,성북구,12,160
1435,2023.11.1,송파구,12,184.5
1436,2023.11.1,양천구,11,146.5
1437,2023.11.1,영등포구,11,141
1438,2023.11.1,용산구,13,160
1439,2023.11.1,은평구,20,213
1440,2023.11.1,종로구,14,157
1441,2023.11.1,중구,13,149.5
1442,2023.11.1,중랑구,14,189
1443,2023.12.1,강남구,32,283
1444,2023.12.1,강동구,19,175.5
1445,2023.12.1,강북구,9,93.5
1446,2023.12.1,강서구,21,169.5
1447,2023.12.1,관악구,19,170.5
1448,2023.12.1,광진구,8,92
1449,2023.12.1,구로구,18,171.5
1450,2023.12.1,금천구,21,163
1451,2023.12.1,노원구,19,183
1452,2023.12.1,도봉구,9,99.5
1453,2023.12.1,동대문구,21,153.5
1454,2023.12.1,동작구,22,181
1455,2023.12.1,마포구,20,160
1456,2023.12.1,서대문구,10,79
1457,2023.12.1,서초구,18,185.5
1458,2023.12.1,성동구,21,146.5
1459,2023.12.1,성북구,20,168.5
1460,2023.12.1,송파구,17,160.5
1461,2023.12.1,양천구,24,160
1462,2023.12.1,영등포구,20,140
1463,2023.12.1,용산구,20,158.5
1464,2023.12.1,은평구,29,211
1465,2023.12.1,종로구,20,166
1466,2023.12.1,중구,20,156.5
1467,2023.12.1,중랑구,20,155.5